ID,Type,SKU,"GTIN, UPC, EAN, or ISBN",Name,Published,"Is featured?","Visibility in catalogue","Short description",Description,"Date sale price starts","Date sale price ends","Tax status","Tax class","In stock?",Stock,"Low stock amount","Backorders allowed?","Sold individually?","Weight (kg)","Length (cm)","Width (cm)","Height (cm)","Allow customer reviews?","Purchase note","Sale price","Regular price",Categories,Tags,"Shipping class",Images,"Download limit","Download expiry days",Parent,"Grouped products",Upsells,Cross-sells,"External URL","Button text",Position,Brands,"Sync with Square","Attribute 1 name","Attribute 1 value(s)","Attribute 1 visible","Attribute 1 global","Meta: qodef_show_new_sign","Meta: slide_template","Meta: _wpb_vc_js_status","Meta: rs_page_bg_color","Meta: _wpdesk_pdf_coupons","Meta: _flexible_coupon_product_template","Meta: _flexible_coupon_expiring_date","Meta: _flexible_coupon_product_free_shipping","Meta: _flexible_coupon_expiring_date_own","Meta: _flexible_coupon_recipient_name","Meta: _flexible_coupon_recipient_name_required","Meta: _flexible_coupon_recipient_email","Meta: _flexible_coupon_recipient_email_required","Meta: _flexible_coupon_recipient_message","Meta: _flexible_coupon_recipient_message_required","Meta: _flexible_coupon_remove_usage_limit","Meta: _flexible_coupon_coupon_code","Meta: _flexible_coupon_coupon_code_length","Meta: _flexible_coupon_coupon_code_prefix","Meta: _flexible_coupon_coupon_code_suffix","Meta: _transient_timeout__tribe_woo_order_item_count_incomplete","Meta: _tribe_ticket_capacity","Meta: _tribe_ticket_version","Attribute 1 default","Meta: _wp_old_date","Meta: _flexible_coupon_variation_base_on"
4719,variable,WWREG,,Regatta,1,0,visible,"<p style=""text-align: left;""><span style=""font-weight: 400;"">A refreshing, fruity and dry white wine, with flavours of fresh peach, lime and hints of Mediterranean herbs. A delicious, easy-drinking <strong>English wine</strong> with a smooth zesty finish. A perfect match for every dinner.</span></p>\n<p style=""text-align: left;"">All our wines are vegan friendly.</p>\n<p style=""text-align: left;""><strong>Choose this wine if you like...</strong></p>\n<p style=""text-align: left;""><span style=""font-weight: 400;"">Pinot Grigio, Albariño</span></p>\n<p style=""text-align: left;""><strong>Food pairing suggestions</strong></p>\n<p style=""text-align: left;""><span style=""font-weight: 400;"">Pasta, fish and chicken dishes, grilled veggies, creamy sauces, cheese platters, appetisers, and olives.</span></p>","<p style=""text-align: left;""><strong>Winemaking</strong></p>\n<p style=""text-align: left;"">A blend of three grape varieties, this is a multi-vintage wine, which means that the grapes have been picked in different years in order to combine the best features of each vintage. Fermented at a low temperature in stainless-steel vessels, the wine is also aged shortly on the lees to add texture to its naturally fruity and refreshing character.</p>\n&nbsp;\n<p style=""text-align: left;"">Keep horizontally in a dry and dark place, away from heat, sunlight and vibrations.</p>\n&nbsp;\n<p style=""text-align: left;""><strong>Grape varieties</strong></p>\n<p style=""text-align: left;"">Optima, Reichensteiner, Gewürztraminer and Schönburger, in various proportions according to the batch.</p>\n&nbsp;\n<p style=""text-align: left;""><strong>Alcohol</strong></p>\n<p style=""text-align: left;"">11%</p>\n&nbsp;\n<p style=""text-align: left;""><strong>Name &amp; Label</strong></p>\n<p style=""text-align: left;"">Named after the Henley Regatta which takes place only a few miles from Stanlake Park. The label features a charming watercolour water lily, a flower frequently seen along the River Thames.</p>\n&nbsp;\n<p style=""text-align: left;""><strong>Label artist</strong></p>\n<p style=""text-align: left;"">Benedict Butterworth</p>",,,taxable,,1,,,0,0,1.2,32,18,18,1,,,,"English White Wine","English White Wine",,"http://stanlakepark.com/wp-content/uploads/12-2.jpg, http://stanlakepark.com/wp-content/uploads/Regatta-Label.jpg",,,,,,,,,1793,,no,Options,"Bottle in jute bag, Bottle in wooden box, Bottle in Xmas jute bag, Case of Six (10% off), Single Bottle",1,1,no,,false,,no,5530,365,no,30,yes,yes,yes,yes,yes,yes,no,no,8,{order_id},,1678193932,0,5.5.4,,,
4789,variable,WWMAD,,Madeleine,1,0,visible,"<p style=""text-align: left;"">An aromatic, floral and delicate <strong>English white wine</strong>, with hints of chamomile, fresh herbs and ripe apple. Very smooth on the palate, super refreshing with a long finish reminiscent of spring bloom.</p>\n<p style=""text-align: left;"">All our wines are vegan friendly.</p>\n<p style=""text-align: left;""><strong>Choose this wine if you like...</strong></p>\n<p class=""para-style-body"" style=""text-align: left;"">Semillon, Pinot Gris, Torrontés</p>\n<p style=""text-align: left;""><strong>Food pairing suggestions</strong></p>\n<p style=""text-align: left;"">Thai food, soup, creamy risotto, cheese platters, and grilled veggies.</p>","<p style=""text-align: left;""><strong>Winemaking</strong></p>\n<p style=""text-align: left;"">Grapes are picked in mid September and fermented at a low temperature in stainless-steel vessels to retain the delicate floral characteristics. Aged for a few months in neutral vessels before release.</p>\n&nbsp;\n<p style=""text-align: left;"">Keep horizontally in a dry and dark place, away from heat, sunlight and vibrations.</p>\n&nbsp;\n<p style=""text-align: left;""><strong>Grape Variety</strong></p>\n<p style=""text-align: left;"">100% Madeleine Angevine</p>\n&nbsp;\n<p style=""text-align: left;""><strong>Current Vintage</strong></p>\n<p style=""text-align: left;"">2022</p>\n&nbsp;\n<p style=""text-align: left;""><strong>Alcohol</strong></p>\n<p style=""text-align: left;"">11.5%</p>\n&nbsp;\n<p style=""text-align: left;""><strong>Label artist</strong></p>\n<p style=""text-align: left;"">Benedict Butterworth</p>",,,taxable,,0,0,,0,0,1.2,32,18,18,1,,,,"English White Wine","English White Wine",,"http://stanlakepark.com/wp-content/uploads/11-4.jpg, http://stanlakepark.com/wp-content/uploads/Madeleine-Label.jpg",,,,,,,,,1794,,no,Options,"Bottle in jute bag, Bottle in wooden box, Case of Six (10% off), Single Bottle",1,1,no,,false,,no,5530,365,no,30,yes,yes,yes,yes,yes,yes,no,no,8,{order_id},,1678193930,0,5.5.4,,,
4797,variable,WWBAC,,Bacchus,1,0,visible,"<p style=""text-align: left;""><span style=""font-weight: 400;"">This refreshing wine shows floral hints and notes of grapefruit, citrus and peach, with a slightly tropical character. Very Sauvignon Blanc-like in style.</span></p>\n<p style=""text-align: left;"">All our wines are vegan friendly.</p>\n<p style=""text-align: left;""><strong>Choose this wine if you like...</strong></p>\n<p style=""text-align: left;""><span style=""font-weight: 400;"">Sauvignon Blanc, Chenin Blanc, Picpoul </span></p>\n<p style=""text-align: left;""><strong>Food pairing suggestions</strong></p>\n<p style=""text-align: left;""><span style=""font-weight: 400;"">Thai food, spicy food, well-seasoned chicken, seafood or vegetable dishes.</span></p>","<p style=""text-align: left;""><strong>Winemaking</strong></p>\n<p style=""text-align: left;"">A wine made exclusively with Bacchus grapes, the so-called 'English Sauvignon blanc'. This variety achieves excellent ripeness and concentration of flavours and aromas. Fermented at low temperatures in stainless steel vessels retains its fruity and refreshing character.</p>\n&nbsp;\n<p style=""text-align: left;"">Keep horizontally in a dry and dark place, away from heat, sunlight and vibrations.</p>\n&nbsp;\n<p style=""text-align: left;""><strong>Grape Variety</strong></p>\n<p style=""text-align: left;"">100% Bacchus</p>\n&nbsp;\n<p style=""text-align: left;""><strong>Current Vintage</strong></p>\n<p style=""text-align: left;"">2022</p>\n&nbsp;\n<p style=""text-align: left;""><strong>Alcohol</strong></p>\n<p style=""text-align: left;"">11%</p>\n&nbsp;\n<p style=""text-align: left;""><strong>Label artist</strong></p>\n<p style=""text-align: left;"">Benedict Butterworth</p>\n&nbsp;\n<p style=""text-align: left;""><strong>Awards</strong></p>\n\n<ul style=""text-align: left;"">\n 	<li>T&amp;CVA Annual Wine Challenge - Silver Medal (2023)</li>\n 	<li style=""text-align: left;"">London Wine Competition - Silver Medal (2020)</li>\n 	<li style=""text-align: left;"">T&amp;CVA Annual Wine Challenge - Bronze Medal (2020)</li>\n 	<li style=""text-align: left;"">WineGB Awards - Bronze Medal (2019)</li>\n 	<li style=""text-align: left;"">IEWA - Independent English Wine Awards - Bronze Medal (2019)</li>\n 	<li style=""text-align: left;"">T&amp;CVA Annual Wine Challenge - Silver Medal (2018)</li>\n 	<li style=""text-align: left;"">T&amp;CVA Annual Wine Challenge - Bronze Medal (2017)</li>\n 	<li style=""text-align: left;"">UKVA Wine Awards - Gold Medal (2009)</li>\n</ul>\n&nbsp;",,,taxable,,1,,,0,0,,,,,1,,,,"English White Wine","English White Wine",,"http://stanlakepark.com/wp-content/uploads/6-8.jpg, http://stanlakepark.com/wp-content/uploads/Bacchus.jpg",,,,,,,,,1795,,no,Options,"Bottle in jute bag, Bottle in wooden box, Bottle in Xmas jute bag, Case of Six (10% off), Single Bottle",1,1,no,,,,no,5530,365,no,30,yes,yes,yes,yes,yes,yes,no,no,5,,,1678193952,0,5.5.4,,,
4801,variable,WWKIN,,"King's Fumé",1,0,visible,"<p style=""text-align: left;"">A dry, elegant white wine, rich in body and complexity, with intense and persistent aromas of ripe peach, apricot, vanilla, and orange peel, and a lingering, creamy finish.</p>\n<p style=""text-align: left;"">All our wines are vegan friendly.</p>\n<p style=""text-align: left;""><strong>Choose this wine if you like...</strong></p>\n<p style=""text-align: left;"">White wines from Burgundy or California</p>\n<p style=""text-align: left;""><strong>Food pairing suggestions</strong></p>\n<p style=""text-align: left;"">Roast turkey or pork, smoked salmon, mature cheese, and vegetable risottos with rich sauces.</p>","<p style=""text-align: left;""><strong>Winemaking</strong></p>\n<p style=""text-align: left;"">A blend of Chardonnay and Ortega grapes. Fermented in stainless-steel vessels, aged on the lees with occasional stirring, and matured in a combination of old and new French oak barrels for two years. Unfined and unfiltered, the wine is made using low intervention techniques to retain its true nature.</p>\n&nbsp;\n<p style=""text-align: left;"">Keep horizontally in a dry and dark place, away from heat, sunlight and vibrations.</p>\n&nbsp;\n<p style=""text-align: left;""><strong>Grape Variety</strong></p>\n<p style=""text-align: left;"">Chardonnay and Ortega in similar quantities</p>\n&nbsp;\n<p style=""text-align: left;""><strong>Current Vintage</strong></p>\n<p style=""text-align: left;"">2020</p>\n&nbsp;\n<p style=""text-align: left;""><strong>Alcohol</strong></p>\n<p style=""text-align: left;"">11.5%</p>\n&nbsp;\n<p style=""text-align: left;""><strong>Label &amp; Name</strong></p>\n<p style=""text-align: left;""><span style=""font-weight: 400;"">King's Fumé is named in honour of King Charles 1st who donated a special window dated 1626 in Stanlake Park Wine Estate.</span></p>\n<p style=""text-align: left;"">Label Artist: Benedict Butterworth</p>\n&nbsp;\n<p style=""text-align: left;""><strong>Awards</strong></p>\n\n<ul style=""text-align: left;"">\n 	<li style=""text-align: left;"">T&amp;CVA Annual Wine Challenge - Bronze Medal (2023)</li>\n 	<li style=""text-align: left;"">IWSC - International Wine &amp; Spirits Competition - Bronze Medal (2015)</li>\n 	<li style=""text-align: left;"">IWC - International Wine Competition - Commended (2014)</li>\n 	<li style=""text-align: left;"">IWC - International Wine Competition - Bronze Medal (2011)</li>\n 	<li style=""text-align: left;"">Decanter World Wine Awards - Bronze Medal (2011)</li>\n 	<li style=""text-align: left;"">IWC - International Wine Competition - Commended (2009)</li>\n 	<li style=""text-align: left;"">UKVA Wine Awards - Silver Medal (2007)</li>\n</ul>",,,taxable,,1,,,0,0,,,,,1,,,,"English White Wine","English White Wine",,"http://stanlakepark.com/wp-content/uploads/14-2.jpg, http://stanlakepark.com/wp-content/uploads/Kings-Fume-Label.jpg",,,,,,,,,1796,,no,Options,"Bottle in jute bag, Bottle in wooden box, Bottle in Xmas jute bag, Case of Six (10% off), Single Bottle",1,1,no,,,,no,5530,365,no,30,yes,yes,yes,yes,yes,yes,no,no,8,{order_id},,1678193929,0,5.5.4,,,
4804,variable,PWPIN,,"Pinot Noir Rosé",1,0,visible,"<span style=""font-weight: 400;"">Pale pink colour, dry with delicate and lingering notes of raspberry, red cherry and grapefruit. The perfect refreshing <strong>English Rosé Wine</strong> to enjoy well-chilled by itself in summer, or with fresh salads and other light meals.</span>\n\nAll our wines are vegan friendly. This wine has been made following low-intervention techniques, which means that a little, non-harmful deposit can be seen in some bottles.\n\n<strong>Choose this wine if you like...</strong>\n<p class=""para-style-body"">Dry and delicate rosé wines.</p>\n<strong>Food pairing suggestions</strong>\n\n<span style=""font-weight: 400;"">Fresh cheese, hummus, olives, light appetisers, seafood, pasta or rice with delicate sauces, grilled chicken.</span>","<p style=""text-align: left;""><strong>Winemaking</strong></p>\n\n<div class=""para-style-body"" style=""text-align: left;"">\n\n<span style=""font-weight: 400;"">This wine is made from a small parcel of Stanlake Park's Pinot Noir grapes, enabling an extraordinary balance between freshness and fruitiness.</span>\n\n&nbsp;\n\n<span style=""font-weight: 400;"">Made with handpicked grapes, a short maceration on the skins extracts a delicate colour, with fermentation taking place at a cool temperature in stainless steel tanks to retain freshness. Released after only a few months of maturation. Unfiltered, so a small deposit can occur in some bottles - this is totally natural and harmless. </span>\n\n&nbsp;\n\nKeep horizontally in a dry and dark place, away from heat, sunlight and vibrations.\n\n&nbsp;\n\n</div>\n<p style=""text-align: left;""><strong>Grape Variety</strong></p>\n<p style=""text-align: left;"">100% Pinot noir</p>\n&nbsp;\n<p style=""text-align: left;""><strong>Current Vintage</strong></p>\n<p style=""text-align: left;"">2024</p>\n&nbsp;\n<p style=""text-align: left;""><strong>Alcohol</strong></p>\n<p style=""text-align: left;"">11%</p>\n&nbsp;\n<p style=""text-align: left;""><strong>Label artist</strong></p>\n<p style=""text-align: left;"">Benedict Butterworth</p>\n&nbsp;\n<p style=""text-align: left;""><strong>Awards</strong></p>\n\n<ul style=""text-align: left;"">\n 	<li style=""text-align: left;"">The Global Rosé Masters - Silver (2023)</li>\n 	<li style=""text-align: left;"">T&amp;CVA Wine Challenge - Bronze (2022)</li>\n 	<li style=""text-align: left;"">The Global Rosé Masters - Silver (2021)</li>\n 	<li style=""text-align: left;"">WineGB Awards - Bronze (2020)</li>\n 	<li style=""text-align: left;"">T&amp;CVA Wine Challenge - Bronze (2019)</li>\n</ul>",,,taxable,,1,,,0,0,,,,,1,,,,"English Rosé Wine","English Rosé Wine",,"http://stanlakepark.com/wp-content/uploads/7-6.jpg, http://stanlakepark.com/wp-content/uploads/Pinot-Noir-Rose-Label.jpg, http://stanlakepark.com/wp-content/uploads/Pinot-Noir-Rose-Silver-Medal.jpg",,,,,,,,,1800,,no,Options,"Bottle in jute bag, Bottle in wooden box, Bottle in Xmas jute bag, Case of Six (10% off), Single Bottle",1,1,no,,,,no,5530,365,no,30,yes,yes,yes,yes,yes,yes,no,no,8,{order_id},,1678193953,0,5.5.4,,,
4811,variable,RWRES,,"The Reserve",1,0,visible,"<p style=""text-align: left;""><span style=""font-weight: 400;"">An elegant English Red Wine, with black cherry, bramble and blackberry flavours, that are perfectly balanced with a fresh, soft body and a very juicy and smooth finish.</span></p>\n<p style=""text-align: left;"">All our wines are vegan friendly.</p>\n<p style=""text-align: left;""><strong>Choose this wine if you like...</strong></p>\n<p class=""para-style-body"" style=""text-align: left;"">Gamay, Mencía, Pinot Noir</p>\n<p style=""text-align: left;""><strong>Food pairing suggestions</strong></p>\n<p style=""text-align: left;""><span style=""font-weight: 400;"">Beef and lamb, mushrooms, lentils, grilled vegetables and well-seasoned, creamy soups. </span></p>","<p style=""text-align: left;""><strong>Winemaking</strong></p>\n<p style=""text-align: left;""><span style=""font-weight: 400;"">A multi-vintage dry red wine made with Dornfelder grapes that have been handpicked in different years to achieve a great balance of flavour and structure. The ageing in old oak barrels for a few months gives the wine a smooth body and a long finish.</span></p>\n<p style=""text-align: left;"">This wine now comes with no plastic or metal capsule to avoid unnecessary packaging. A simpler look for a more sustainable future!</p>\n<p style=""text-align: left;"">Keep horizontally in a dry and dark place, away from heat, sunlight and vibrations.</p>\n&nbsp;\n<p style=""text-align: left;""><strong>Grape Variety</strong></p>\n<p style=""text-align: left;"">Dornfelder 100%</p>\n&nbsp;\n<p style=""text-align: left;""><strong>Alcohol</strong></p>\n<p style=""text-align: left;"">11%</p>\n&nbsp;\n<p style=""text-align: left;""><strong>Label artist</strong></p>\n<p style=""text-align: left;"">Benedict Butterworth</p>\n&nbsp;\n<p style=""text-align: left;""><strong>Awards</strong></p>\n\n<ul style=""text-align: left;"">\n 	<li style=""text-align: left;"">T&amp;CVA Annual Wine Challenge - Bronze Medal (2023)</li>\n 	<li style=""text-align: left;"">T&amp;CVA Annual Wine Challenge - Bronze Medal (2020)</li>\n 	<li style=""text-align: left;"">IEWA - Independent English Wine Awards - Bronze Medal (2019)</li>\n 	<li style=""text-align: left;"">Emmbrook Cup - Best Red Wine (2018)</li>\n 	<li style=""text-align: left;"">T&amp;CVA Annual Wine Challenge - Gold Medal (2018)</li>\n</ul>\n&nbsp;\n<p style=""text-align: left;""><strong>*** AS FEATURED ON ITV! ***</strong></p>\n<p style=""text-align: left;"">Our best-selling red wine was featured on Alan Titchmarsh’s<em> I Love Your Weekend</em> show on ITV. During the episode of Best of British Winter Warmers, specialist Becky Paskin created a unique recipe of mulled wine made with our The Reserve, which was very appreciated by everybody in the show. Alan said it was the best mulled wine he ever tried.</p>",,,taxable,,1,,,0,0,,,,,1,,,,"English Red Wine","English Red Wine, Red Wine",,"http://stanlakepark.com/wp-content/uploads/15-1.jpg, http://stanlakepark.com/wp-content/uploads/The-Reserve.jpg",,,,,,,,,1801,,no,Options,"Bottle in jute bag, Bottle in wooden box, Bottle in Xmas jute bag, Case of Six (10% off), Single Bottle",1,1,no,,,,no,5530,365,no,30,yes,yes,yes,yes,yes,yes,no,no,5,,,1678193926,1,5.5.4,,,
4814,variable,RWPNO,,"Pinot Noir",1,0,visible,"<p style=""text-align: left;""><span style=""font-weight: 400;"">A very smooth red wine, with hints of red and black cherry, plum, violet and dried herbs. Extremely soft tannins, enhanced by a refreshing mouthfeel and a lingering finish. </span></p>\n<p style=""text-align: left;"">All our wines are vegan friendly.</p>\n<p style=""text-align: left;""><strong>Choose this wine if you like...</strong></p>\n<p style=""text-align: left;""><span style=""font-weight: 400;"">Pinot Noir from Germany or Northern Italy</span></p>\n<p style=""text-align: left;""><strong>Food pairing suggestions</strong></p>\n<p style=""text-align: left;""><span style=""font-weight: 400;"">Oily fish like salmon, duck or other game birds, roast chicken, lamb, or pasta with tomato-based sauces.</span></p>","<p style=""text-align: left;""><strong>Winemaking</strong></p>\n<p style=""text-align: left;""><span style=""font-weight: 400;"">Made with a selected parcel of Pinot Noir grapes, chosen for red wine making only in the right years. A long, dry and warm season allowed an outstanding ripeness and intense concentration of flavours and aromas. This wine has been aged for one year in old oak barrels to obtain a smooth texture and a long, evolving finish.</span></p>\n&nbsp;\n<p style=""text-align: left;"">Keep horizontally in a dry and dark place, away from heat, sunlight and vibrations.</p>\n&nbsp;\n<p style=""text-align: left;""><strong>Grape Variety</strong></p>\n<p style=""text-align: left;"">Pinot Noir 100%</p>\n&nbsp;\n<p style=""text-align: left;""><strong>Current Vintage</strong></p>\n<p style=""text-align: left;"">2022</p>\n&nbsp;\n<p style=""text-align: left;""><strong>Alcohol</strong></p>\n<p style=""text-align: left;"">11.5%</p>\n&nbsp;\n<p style=""text-align: left;""><strong>Label artist</strong></p>\n<p style=""text-align: left;"">Benedict Butterworth</p>\n&nbsp;\n<p style=""text-align: left;""><strong>Awards</strong></p>\n\n<ul>\n 	<li style=""text-align: left;"">T&amp;CVA Annual Wine Challenge - Bronze Medal (2023)</li>\n 	<li style=""text-align: left;"">London Wine Competition - Silver Medal (2021)</li>\n</ul>",,,taxable,,1,,,0,0,,,,,1,,,,"English Red Wine","English Red Wine, Red Wine",,"http://stanlakepark.com/wp-content/uploads/10-3.jpg, http://stanlakepark.com/wp-content/uploads/Pinot-Noir-Label.jpg",,,,,,,,,1803,,no,Options,"Bottle in jute bag, Bottle in wooden box, Bottle in Xmas jute bag, Case of Six (10% off), Single Bottle",1,1,no,,,,no,5530,365,no,30,yes,yes,yes,yes,yes,yes,no,no,8,{order_id},,1678193926,0,5.5.4,,,
4817,variable,SWHER,,"Heritage Brut",1,0,visible,"<span style=""font-weight: 400;"">A light and refreshing<strong> English Sparkling Wine</strong> with delicate notes of lemon, pear and ripe green apple. Dry but fruity, the flavours of this fabulous sparkling wine linger on the palate thanks to the extra ageing it had in the bottle.</span>\n<p style=""text-align: left;"">All our wines are vegan friendly.</p>\n<p style=""text-align: left;""><strong>Food pairing suggestions</strong></p>\n<span style=""font-weight: 400;"">An indulgent everyday fizz, the perfect dinner party aperitif, or an ideal partner to fish courses, cheese platters and creamy vegetable dishes.</span>","<p style=""text-align: left;""><strong>Winemaking</strong></p>\n<p style=""text-align: left;""><span style=""font-weight: 400;"">A non-vintage English sparkling produced using the Traditional Method (the same method used in Champagne and other famous sparkling wine regions of the world). The wine is aged for around one year after a second fermentation in the bottle, and is then further matured in our cellars before release.</span></p>\n&nbsp;\n<p style=""text-align: left;"">Keep in a dry and dark place, away from heat, sunlight and vibrations.</p>\n&nbsp;\n<p style=""text-align: left;""><strong>Grape Varieties</strong></p>\n<p style=""text-align: left;"">Pinot Noir and Seyval Blanc</p>\n&nbsp;\n<p style=""text-align: left;""><strong>Alcohol</strong></p>\n<p style=""text-align: left;"">12%</p>\n&nbsp;\n<p style=""text-align: left;""><strong>Awards</strong></p>\n\n<ul style=""text-align: left;"">\n 	<li>World’s Finest Glass of Bubbly Awards – Bronze Medal (2024)</li>\n 	<li style=""text-align: left;"">T&amp;CVA Annual Wine Challenge - Silver Medal (2023)</li>\n 	<li style=""text-align: left;"">T&amp;CVA Annual Wine Challenge - Silver Medal (2018)</li>\n 	<li style=""text-align: left;"">T&amp;CVA Annual Wine Challenge - Gold Medal (2017)</li>\n 	<li style=""text-align: left;"">UKVA Wine Awards - Bronze Medal (2006)</li>\n</ul>",,,taxable,,1,,,0,0,,,,,1,,,,"English Sparkling Wine","English Sparkling Wine",,http://stanlakepark.com/wp-content/uploads/9-3.jpg,,,,,,,,,1806,,no,Options,"Bottle in jute bag, Bottle in wooden box, Bottle in Xmas jute bag, Case of Six (10% off), Single Bottle",1,1,no,,,,no,5530,365,no,30,yes,yes,yes,yes,yes,yes,no,no,8,{order_id},,1678193931,0,5.5.4,,,
4820,variable,SWSTA,,"Stanlake Brut",1,0,visible,"<p style=""text-align: left;""><span style=""font-weight: 400;"">Our top <strong>English Sparkling Wine</strong> with a complex bouquet of dried apple and peach with yeasty notes. Velvety and creamy on the palate. Made using the Traditional Method from classic Champagne grape varieties and aged for several years in our cellar. </span></p>\n<p style=""text-align: left;""><span style=""font-weight: 400;"">The perfect English bubbles for a classy toast.</span></p>\n<p style=""text-align: left;""><span style=""font-weight: 400;"">All our wines are vegan friendly.</span></p>\n<p style=""text-align: left;""><strong>Food pairing suggestions</strong></p>\n<p style=""text-align: left;""><span style=""font-weight: 400;"">Fish and seafood-based appetisers and canapés, white truffle, fried chicken, creamy cheeses, egg dishes, and foie gras.</span></p>\n<p style=""text-align: left;""><span style=""font-weight: 400;"">Also perfect with refreshing and creamy desserts like cheesecakes or puddings made with fresh fruit.</span></p>","<p style=""text-align: left;""><strong>Winemaking</strong></p>\n<p style=""text-align: left;"">A non-vintage English sparkling wine made with typical Champagne grapes using the Traditional Method. The wine is aged for several years after a second fermentation in the bottle, and further matured in our cellars before releasing.</p>\n&nbsp;\n<p style=""text-align: left;"">Keep in a dry and dark place, away from heat, sunlight and vibrations.</p>\n&nbsp;\n<p style=""text-align: left;""><strong>Grape Varieties</strong></p>\n<p style=""text-align: left;"">Pinot Noir, Meunier and Chardonnay</p>\n&nbsp;\n<p style=""text-align: left;""><strong>Alcohol</strong></p>\n<p style=""text-align: left;"">12%</p>\n&nbsp;\n<p style=""text-align: left;""><strong>Awards</strong></p>\n\n<ul>\n 	<li style=""text-align: left;"">Decanter World Wine Awards - Bronze Medal (2022)</li>\n 	<li style=""text-align: left;"">T&amp;CVA Wine Challenge - Silver Medal (2020)</li>\n 	<li style=""text-align: left;"">T&amp;CVA Wine Challenge - Bronze Medal (2019)</li>\n 	<li style=""text-align: left;"">IWC - International Wine Competition - Commended (2011)</li>\n 	<li style=""text-align: left;"">UKVA Wine Awards - Highly Commended (2006)</li>\n</ul>",,,taxable,,1,,,0,0,,,,,1,,,,"English Sparkling Wine","English Sparkling Wine",,http://stanlakepark.com/wp-content/uploads/8-3.jpg,,,,,,,,,1810,,no,Options,"Bottle in jute bag, Bottle in wooden box, Bottle in Xmas jute bag, Case of Six (10% off), Single Bottle",1,1,no,,,,no,5530,365,no,30,yes,yes,yes,yes,yes,yes,no,no,8,{order_id},,1678193927,0,5.5.4,"Single Bottle",,
4823,variable,SWROS,,"Rosé Superior",1,0,visible,"<p class=""para-style-body"">Pale colour, refreshing body with delicate flavours of raspberry, strawberry and pink grapefruit. Made from Pinot Noir grapes and aged for several years in our cellars.</p>\n<p class=""para-style-body"">A very elegant pink fizz.</p>\n<p style=""text-align: left;"">All our wines are vegan friendly.</p>\n<p style=""text-align: left;""><strong>Food pairing suggestions</strong></p>\n<span style=""font-weight: 400;"">Perfect with smoked salmon and shrimp cocktails, as well as duck, creamy appetisers and asparagus. Great with red berry-based desserts, like strawberry cheesecake or raspberry tart.</span>","<p style=""text-align: left;""><strong>Winemaking</strong></p>\n<p style=""text-align: left;""><span style=""font-weight: 400;"">A non-vintage English sparkling wine made with Pinot Noir grapes using the Traditional Method. The Rosé Superior is aged for two years after a second fermentation in the bottle, and further matured in our cellars before releasing.</span></p>\n<p style=""text-align: left;""><span style=""font-weight: 400;"">Despite being a rosé, the wine comes in dark bottles to protect from UV damage, enabling it to age for longer periods.</span></p>\n&nbsp;\n<p style=""text-align: left;"">Keep in a dry and dark place, away from heat, sunlight and vibrations.</p>\n&nbsp;\n<p style=""text-align: left;""><strong>Grape Varieties</strong></p>\n<p style=""text-align: left;"">100% Pinot Noir</p>\n&nbsp;\n<p style=""text-align: left;""><strong>Alcohol</strong></p>\n<p style=""text-align: left;"">12%</p>\n&nbsp;\n<p style=""text-align: left;""><strong>Awards</strong></p>\n\n<ul>\n 	<li style=""text-align: left;"">World’s Finest Glass of Bubbly Awards - Gold Medal (2023)</li>\n 	<li style=""text-align: left;"">Independent English Wine Awards IEWA - Silver Medal (2020)</li>\n 	<li style=""text-align: left;"">International Wine Challenge IWC - Bronze Medal (2020)</li>\n 	<li style=""text-align: left;"">T&amp;CVA Annual Wine Challenge - Bronze Medal (2020)</li>\n 	<li style=""text-align: left;"">T&amp;CVA Annual Wine Challenge - Gold Medal (2018)</li>\n 	<li style=""text-align: left;"">Decanter World Wine Awards - Commended (2011)</li>\n</ul>",,,taxable,,1,,,0,0,,,,,1,,,,"English Rosé Wine, English Sparkling Wine","English Sparkling Wine",,http://stanlakepark.com/wp-content/uploads/13-1.jpg,,,,,,,,,1807,,no,Options,"Bottle in jute bag, Bottle in wooden box, Bottle in Xmas jute bag, Case of Six (10% off), Single Bottle",1,1,no,,,,no,5530,365,no,30,yes,yes,yes,yes,yes,yes,no,no,5,,,1678193925,0,5.5.4,,,
7746,variable,ITWPRI,,"Primitivo Rosé",1,0,visible,"<p style=""text-align: center;""><strong>** SOLD OUT ** NEW VINTAGE COMING IN FEBRUARY 2026</strong></p>\n<p style=""text-align: left;""><span style=""font-weight: 400;"">A salmon-pink dry, refreshing rosé, with floral hints and aromas of fresh raspberries and strawberries. The wine has a long, smooth finish, and an aftertaste of red cherries.</span></p>\n<p style=""text-align: left;"">All our wines are vegan friendly.</p>\n<p style=""text-align: left;""><strong>Choose this wine if you like...</strong></p>\n<p class=""para-style-body"" style=""text-align: left;"">Dry and refreshing rosé wines.</p>\n<p style=""text-align: left;""><strong>Food pairing suggestions</strong></p>\n<p style=""text-align: left;""><span style=""font-weight: 400;"">Fried shrimp, sushi roll and sashimi, burrata and ham crostini, veggie pie, strawberry cheesecake. </span></p>","<p style=""text-align: left;""><strong>Winemaking</strong></p>\n\n<div class=""para-style-body"" style=""text-align: left;"">\n\n<span style=""font-weight: 400;"">Made from grapes grown in our winemaker's family vineyard, located in the rural area of Lecce and Brindisi in Puglia, Italy. The </span>grapes are hand-picked, typically during the last week of August in the early morning, to retain freshness. Bunches are destemmed before a 6-hour cold maceration is carried out to extract a bright, salmon colour. Fermented at 15-16 °C and aged in stainless steel vessels.\n\n&nbsp;\n\n</div>\n<p style=""text-align: left;"">Keep in a dry and dark place, away from heat, sunlight and vibrations.</p>\n&nbsp;\n<p style=""text-align: left;""><strong>Grape Variety</strong></p>\n<p style=""text-align: left;"">Primitivo 100%</p>\n&nbsp;\n<p style=""text-align: left;""><strong>Current Vintage</strong></p>\n<p style=""text-align: left;"">2022</p>\n&nbsp;\n<p style=""text-align: left;""><strong>Alcohol</strong></p>\n<p style=""text-align: left;"">12.5%</p>\n&nbsp;\n<p style=""text-align: left;""><strong>Label artist</strong></p>\n\n<ul style=""text-align: left;"">\n 	<li style=""text-align: left;"">Illustration: Phil Johncock</li>\n 	<li style=""text-align: left;"">Design: Benedict Butterworth</li>\n</ul>\n&nbsp;\n<p style=""text-align: left;""><strong>Awards</strong></p>\n\n<ul style=""text-align: left;"">\n 	<li style=""text-align: left;"">The Global Rosé Masters - Gold (2023)</li>\n</ul>",,,taxable,,0,0,,0,0,,,,,1,,,,"English Rosé Wine, Italian Wine Collection","Italian Wine Collection",,"http://stanlakepark.com/wp-content/uploads/Primitivo-Rose.jpg, http://stanlakepark.com/wp-content/uploads/Primitivo-Rose-Label.jpg, http://stanlakepark.com/wp-content/uploads/Primitivo-Gold-Medal.jpg",,,,,,,,,1812,,no,Options,"Bottle in jute bag, Bottle in wooden box, Case of Six (10% off), Single Bottle",1,1,no,,,,no,5530,365,no,30,yes,yes,yes,yes,yes,yes,no,no,8,{order_id},,1727963588,0,5.5.4,,,
7750,variable,ITWFIA,,Fiano,1,0,visible,"<p style=""text-align: center;""><strong>** SOLD OUT ** NEW VINTAGE COMING IN FEBRUARY 2026</strong></p>\n<p style=""text-align: left;""><span style=""font-weight: 400;"">Made with the native Italian grape variety, Fiano, and matured under the Puglian sun. This wine shows zesty lemons and grapefruit with a floral lift, a touch of tropical fruit, and honeyed notes. Refreshing, with a relatively full-body and a long, pleasing finish. </span></p>\n<p style=""text-align: left;"">All our wines are vegan friendly.</p>\n<p style=""text-align: left;""><strong>Choose this wine if you like...</strong></p>\n<p class=""para-style-body"" style=""text-align: left;"">Pinot Gris, Semillon, unoaked Chardonnay</p>\n<p style=""text-align: left;""><strong>Food pairing suggestions</strong></p>\n<p style=""text-align: left;""><span style=""font-weight: 400;"">Soft and creamy cheese, pâté de foie gras, fish and seafood tempura, <em>quattro formaggi</em> pizza, creamy prawn linguine.</span></p>","<p style=""text-align: left;""><strong>Winemaking</strong></p>\n\n<div class=""para-style-body"" style=""text-align: left;"">\n\n<span style=""font-weight: 400;"">Made from grapes grown in our winemaker's family vineyard, located in the rural area of Brindisi in Puglia, Italy. T</span><span style=""font-weight: 400;"">he grapes are hand-picked in the early morning to retain freshness, followed by 6-8 hours of skin contact to maximise the extraction of flavour and texture. Soft pressed and fermented at 16-17°C for 10-12 days. Aged on the lees for 3 months, then bottled.</span>\n\n&nbsp;\n\nKeep in a dry and dark place, away from heat, sunlight and vibrations.\n\n&nbsp;\n\n</div>\n<p style=""text-align: left;""><strong>Grape Variety</strong></p>\n<p style=""text-align: left;"">Fiano 100%</p>\n&nbsp;\n<p style=""text-align: left;""><strong>Current Vintage</strong></p>\n<p style=""text-align: left;"">2022</p>\n&nbsp;\n<p style=""text-align: left;""><strong>Alcohol</strong></p>\n<p style=""text-align: left;"">12.5%</p>\n&nbsp;\n<p style=""text-align: left;""><strong>Label artist</strong></p>\n\n<ul>\n 	<li style=""text-align: left;"">Illustration: Phil Johncock</li>\n 	<li style=""text-align: left;"">Design: Benedict Butterworth</li>\n</ul>",,,taxable,,0,0,,0,0,,,,,1,,,,"Italian Wine Collection","Italian Wine Collection",,"http://stanlakepark.com/wp-content/uploads/Fiano.jpg, http://stanlakepark.com/wp-content/uploads/Fiano-Label.jpg",,,,,,,,,1811,,no,Options,"Bottle in jute bag, Bottle in wooden box, Bottle in Xmas jute bag, Case of Six (10% off), Single Bottle",1,1,no,,,,no,5530,365,no,30,yes,yes,yes,yes,yes,yes,no,no,8,{order_id},,1678772037,1,5.5.4,,,
7753,variable,ITWNEG,,Negroamaro,1,0,visible,"<p style=""text-align: center;""><strong>** SOLD OUT ** NEW VINTAGE COMING IN FEBRUARY 2026</strong></p>\n<p style=""text-align: left;""><span style=""font-weight: 400;"">Very mature raspberries and redcurrants, with notes of prune, cinnamon and black pepper. Ripe and full-bodied but also refreshing, with a long, spicy aftertaste.   </span></p>\n<p style=""text-align: left;"">All our wines are vegan friendly.</p>\n<p style=""text-align: left;""><strong>Choose this wine if you like...</strong></p>\n<p class=""para-style-body"" style=""text-align: left;"">Primitivo (Zinfandel), Malbec, Shiraz</p>\n<p style=""text-align: left;""><strong>Food pairing suggestions</strong></p>\n<p style=""text-align: left;""><span style=""font-weight: 400;"">Oven-baked pasta, spaghetti al <em>ragù</em>, lamb roast, charcuterie boards, mature semi-hard cheese, grilled mushrooms.</span></p>","<p style=""text-align: left;""><strong>Winemaking</strong></p>\n\n<div class=""para-style-body"" style=""text-align: left;"">\n\n<span style=""font-weight: 400;"">Made from grapes grown in our winemaker's family vineyard, located in the rural area of Brindisi in Puglia, Italy. The  </span>grapes are hand-picked in the early morning to retain freshness, typically in September. They are then destemmed and fermented in stainless steel vessels at 22-24<span style=""font-weight: 400;"">°</span>C for 8-10 days with daily pump-overs. Malolactic conversion occurs after fermentation; the wine is then aged in oak barrels for 4 months.\n\n&nbsp;\n\n</div>\n<p style=""text-align: left;"">Keep in a dry and dark place, away from heat, sunlight and vibrations.</p>\n&nbsp;\n<p style=""text-align: left;""><strong>Grape Variety</strong></p>\n<p style=""text-align: left;"">Negroamaro 100%</p>\n&nbsp;\n<p style=""text-align: left;""><strong>Current Vintage</strong></p>\n<p style=""text-align: left;"">2021</p>\n&nbsp;\n<p style=""text-align: left;""><strong>Alcohol</strong></p>\n<p style=""text-align: left;"">13.5%</p>\n&nbsp;\n<p style=""text-align: left;""><strong>Label artist</strong></p>\n\n<ul>\n 	<li style=""text-align: left;"">Illustration: Phil Johncock</li>\n 	<li style=""text-align: left;"">Design: Benedict Butterworth</li>\n</ul>",,,taxable,,0,,,0,0,,,,,1,,,,"Italian Wine Collection","Italian Wine Collection, Red Wine",,"http://stanlakepark.com/wp-content/uploads/Negroamaro.jpg, http://stanlakepark.com/wp-content/uploads/Negroamaro-Label.jpg",,,,,,,,,1814,,no,Options,"Bottle in jute bag, Bottle in wooden box, Bottle in Xmas jute bag, Case of Six (10% off), Single Bottle, Xmas Offer (Case of Six 20% off)",1,1,no,,,,no,5530,365,no,30,yes,yes,yes,yes,yes,yes,no,no,8,{order_id},,1678772147,1,5.5.4,,,
7758,variable,SWHIN,,"Hinton Brut",1,0,visible,"A slightly sparkling, refreshing<strong> English wine</strong> made in the traditional method. Elegant flavours<span class=""SS_gjA""> of white flowers, ripe citrus, quince and apples. Perfect well-chilled on a summer's day. A smoother, more flavoursome and delicate alternative to Prosecco. </span>\n<p class=""_5RYuEA direction-ltr align-start para-style-body""><span class=""SS_gjA"">This non-vintage <strong>English sparkling wine</strong> is made with Pinot Noir and Seyval blanc grapes using the Traditional Method, the same technique used for Champagne and other famous sparkling wines in the world. The</span><span class=""SS_gjA white-space-prewrap""> </span><span class=""SS_gjA"">wine is aged for 12 months after a short second fermentation in the bottle, which gives a just slightly sparkling character, usually known as 'frizzante' in Italy. </span></p>\n<p style=""text-align: left;"">All our wines are vegan friendly.</p>\n<p style=""text-align: left;""><strong>Food pairing suggestions</strong></p>\n<p class=""para-style-body""><span class=""JsGRdQ"">Enjoy on its own or with buttery and creamy starters or sauces. Particularly standing out with fruit tarts, lemon pie, mousse and creamy desserts.</span></p>","<p style=""text-align: left;""><strong>Winemaking</strong></p>\n<p style=""text-align: left;"">A non-vintage English sparkling wine made with Pinot Noir and Seyval Blanc grapes using the Traditional Method, the same technique used for Champagne and other famous sparkling wines in the world. The wine is aged for 12 months after a short second fermentation in the bottle, which gives a just slightly sparkling character, usually known as '<em>frizzante</em>' in Italy.</p>\n&nbsp;\n<p style=""text-align: left;"">Keep in a dry and dark place, away from heat, sunlight and vibrations.</p>\n&nbsp;\n<p style=""text-align: left;""><strong>Grape Varieties</strong></p>\n<p style=""text-align: left;"">Pinot Noir and Seyval Blanc</p>\n&nbsp;\n<p style=""text-align: left;""><strong>Alcohol</strong></p>\n<p style=""text-align: left;"">11.5%</p>\n&nbsp;\n<p style=""text-align: left;""><strong>Awards</strong></p>\n\n<ul>\n 	<li style=""text-align: left;"">T&amp;CVA Wine Challenge - Gold Medal (2022)</li>\n</ul>",,,taxable,,1,,,0,0,,,,,1,,,,"English Sparkling Wine","English Sparkling Wine",,http://stanlakepark.com/wp-content/uploads/3-31.jpg,,,,,,,,,1804,,no,Options,"Bottle in jute bag, Bottle in wooden box, Bottle in Xmas jute bag, Case of Six (10% off), Single Bottle",1,1,no,,,,no,5530,365,no,30,yes,yes,yes,yes,yes,yes,no,no,8,{order_id},,1678193963,0,5.5.4,,,
7761,variable,SWBAC,,"Bacchus Brut",1,0,visible,"A super refreshing <strong>English sparkling wine</strong> made with <strong>Bacchus</strong> grapes, with attractive aromas<span class=""SS_gjA""> of apple, gooseberry and elderflower, and a very smooth finish.</span>\n<p class=""_5RYuEA direction-ltr align-start para-style-body""><span class=""SS_gjA"">This non-vintage fizz is made with the same technique used for Champagne and other famous sparkling wines in the world, but using a grape that typically grows only in England and aged for around 12 months in our cellar.</span></p>\n<p style=""text-align: left;"">All our wines are vegan-friendly.</p>\n<p style=""text-align: left;""><strong>Food pairing suggestions</strong></p>\n<p class=""para-style-body""><span class=""JsGRdQ"">Goes perfect with seafood like smoked salmon or oysters with lemon and dill; aromatic dishes like Thai food, spicy chicken or dishes prepared with fragrant herbs and vegetables. </span></p>","<p style=""text-align: left;""><strong>Winemaking</strong></p>\n<p style=""text-align: left;"">A non-vintage English sparkling wine made with Bacchus grapes in the Traditional Method; this is the same technique used to make Champagne and other famous sparkling wines in the world. The wine is aged for 12 months after a second fermentation in the bottle.</p>\n&nbsp;\n<p style=""text-align: left;"">Keep in a dry and dark place, away from heat, sunlight and vibrations.</p>\n&nbsp;\n<p style=""text-align: left;""><strong>Grape Varieties</strong></p>\n<p style=""text-align: left;"">Bacchus</p>\n&nbsp;\n<p style=""text-align: left;""><strong>Alcohol</strong></p>\n<p style=""text-align: left;"">12%</p>\n&nbsp;\n<p style=""text-align: left;""><strong>Awards</strong></p>\n\n<ul style=""text-align: left;"">\n 	<li style=""text-align: left;"">T&amp;CVA Annual Wine Challenge - Silver Medal (2023)</li>\n</ul>",,,taxable,,0,0,,0,0,,,,,1,,,,"English Sparkling Wine","English Sparkling Wine",,http://stanlakepark.com/wp-content/uploads/4-24.jpg,,,,,,,,,1805,,no,Options,"Bottle in jute bag, Bottle in wooden box, Bottle in Xmas jute bag, Case of Six (10% off), Single Bottle",1,1,no,,,,no,5530,365,no,30,yes,yes,yes,yes,yes,yes,no,no,8,{order_id},,,0,5.5.1,,,
7764,variable,WWORA,,Orange,1,0,visible,"<p class=""_04xlpA direction-ltr align-center para-style-body"" style=""text-align: left;""><span class=""JsGRdQ"">A lovely <strong>English Orange Wine</strong>, with intense aromas of wild flowers, orange zest, cantaloupe melon and ripe peach, and an exceptional texture perfectly balanced by a crisp body, followed by a long finish. Made with the skin contact technique. </span></p>\n<p style=""text-align: left;"">All our wines are vegan friendly.</p>\n<p style=""text-align: left;""><strong>Choose this wine if you like...</strong></p>\n<p style=""text-align: left;""><span class=""JsGRdQ"">Pinot Gris, Marsanne, Semillon</span></p>\n<p style=""text-align: left;""><strong>Food pairing suggestions</strong></p>\n<p class=""_04xlpA direction-ltr align-center para-style-body"" style=""text-align: left;""><span class=""JsGRdQ"">Scallops, oysters, sheep’s milk cheese and spicy foods such as Indian or Asian Cuisines.</span></p>","<p style=""text-align: left;""><strong>Winemaking</strong></p>\n<p style=""text-align: left;""><span class=""JsGRdQ"">This <strong>Orange wine</strong> was made with mature Siegerrebe grapes, with one week of skin contact, and was fermented in oak barrels. By soaking with the skins, the grape juice acquires extra fruit and tropical aromas, an oily, mouth-filling texture and a very persistent finish.</span></p>\n&nbsp;\n<p style=""text-align: left;"">The wine is not 'orange' in colour, and absolutely not made adding oranges or orange juice - the word refers to a very ancient winemaking technique, known also as skin contact for white wines. When white grape juice is kept in contact with grape skins, and particularly when carried out in an oxidative environment (such as amphorae), the wine might adopt orange tinges.</p>\n&nbsp;\n<p style=""text-align: left;"">At Stanlake Park, we've chosen to avoid oxidation in order to retain the fresh and delicate fruit aromas, so the colour of our wine is more white than orange, but it has been produced using this ancient technique.</p>\n&nbsp;\n<p style=""text-align: left;"">We prefer low-intervention winemaking, including natural cold stabilisation and a very coarse filtration, in order to retain the wine's natural structure. As a consequence, a small crystalline deposit can occur in bottle, but this is completely harmless.</p>\n&nbsp;\n<p style=""text-align: left;"">Keep horizontally in a dry and dark place, away from heat, sunlight and vibrations.</p>\n&nbsp;\n<p style=""text-align: left;""><strong>Grape Variety</strong></p>\n<p style=""text-align: left;"">Siegerrebe</p>\n&nbsp;\n<p style=""text-align: left;""><strong>Current Vintage</strong></p>\n<p style=""text-align: left;"">2024</p>\n&nbsp;\n<p style=""text-align: left;""><strong>Alcohol</strong></p>\n<p style=""text-align: left;"">11%</p>\n&nbsp;\n<p style=""text-align: left;""><strong>Label Artist</strong></p>\n<p style=""text-align: left;"">Benedict Butterworth</p>\n<p style=""text-align: left;""><strong>Awards</strong></p>\n\n<ul>\n 	<li style=""text-align: left;"">T&amp;CVA Wine Challenge - Silver Medal (2022)</li>\n</ul>",,,taxable,,1,,,0,0,,,,,1,,,,"English White Wine","English White Wine",,"http://stanlakepark.com/wp-content/uploads/2-31.jpg, http://stanlakepark.com/wp-content/uploads/Orange.jpg",,,,,,,,,1797,,no,Options,"Bottle in jute bag, Bottle in wooden box, Bottle in Xmas jute bag, Case of Six (10% off), Single Bottle",1,1,no,,,,no,5530,365,no,30,yes,yes,yes,yes,yes,yes,no,no,8,{order_id},,,0,5.5.1,,,
7767,variable,RWCRI,,"Cricket Grove",1,0,visible,"<p class=""para-style-body"">A smooth and spicy wine, with flavours of black fruit, violet and vanilla, in perfect balance with velvety tannins, and a smooth, lingering finish.</p>\n<p style=""text-align: left;"">All our wines are vegan friendly.</p>\n<p style=""text-align: left;""><strong>Choose this wine if you like...</strong></p>\n<p class=""para-style-body"" style=""text-align: left;"">Tempranillo, Syrah, Malbec</p>\n<p style=""text-align: left;""><strong>Food pairing suggestions</strong></p>\n<p class=""para-style-body"">Beef and pork roast, spicy chorizo, aged hard cheese, truffle risotto, mushroom pizza.</p>","<p style=""text-align: left;""><strong>Winemaking</strong></p>\n<p style=""text-align: left;"">A multi-vintage red wine made from grapes picked from our ""Cricket Field"" vineyard in different years to achieve a great balance of flavour and structure. Aged in old and new oak barrels to obtain spicy hints, a smooth body, and a persistent finish.</p>\n&nbsp;\n<p style=""text-align: left;"">Keep horizontally in a dry and dark place, away from heat, sunlight and vibrations.</p>\n&nbsp;\n<p style=""text-align: left;""><strong>Grape Variety</strong></p>\n<p style=""text-align: left;"">Dornfelder 100%</p>\n&nbsp;\n<p style=""text-align: left;""><strong>Alcohol</strong></p>\n<p style=""text-align: left;"">11.5%</p>\n&nbsp;\n<p style=""text-align: left;""><strong>Label artist</strong></p>\n<p style=""text-align: left;"">Benedict Butterworth</p>",,,taxable,,1,,,0,0,,,,,1,,,,"English Red Wine","English Red Wine, Red Wine",,"http://stanlakepark.com/wp-content/uploads/5-15.jpg, http://stanlakepark.com/wp-content/uploads/Cricket.jpg",,,,,,,,,1802,,no,Options,"Bottle in jute bag, Bottle in wooden box, Bottle in Xmas jute bag, Case of Six (10% off), Single Bottle",1,1,no,,,,no,5530,365,no,30,yes,yes,yes,yes,yes,yes,no,no,5,,,1678193938,0,5.5.4,"Single Bottle",,
20061,simple,,,"Pinot Noir Rosé 2022 - Preorder",-1,0,hidden,"<p style=""text-align: left;"">Spring is in full swing and that also means it's time to release our new rosé vintage! Our very best-selling pink is coming back soon: the <strong><a href=""http://stanlakepark.com/product/pinot-noir-rose/"">Pinot Noir Rosé</a> 2022. </strong>You can now preorder your case of six here, with a 15% discount.</p>\n\n<h6 style=""text-align: left;"">The 2022 vintage</h6>\n<p style=""text-align: left;"">The 2022 was a great vintage for Stanlake Park. An uncomplicated winter, a spring with no frost or disease, and a hot, very dry summer allowed our grapes to fully ripen (yes, we actually had summer last year in England, yay!). With those almost perfect conditions, Nico has managed to grow an excellent quality crop of Pinot Noir, which allowed us to make again the pale and refreshing rosé everybody loves!</p>\n<p style=""text-align: left;"">Our<strong> Pinot Noir Rosé</strong> is always the most popular of our wines and the 2020 vintage was considered one of the best rosé in the world, having won a Silver Medal at the Global Rosé Masters, an international competition organised by TheDrinksBusiness magazine. Every year, our Pinot Noir Rosé sells out before the following vintage is ready - no matter how much we make.</p>\n<p style=""text-align: left;"">This is a very pale, dry and refreshing rosé, with delicate flavours of raspberry, passionfruit and fresh peach. Can it get any better? We don't think so. Grab your case now, as it will sell out again, that's a promise.</p>","<p style=""text-align: left;"">The <strong>Pinot Noir Rosé 2022 pre-order</strong> case includes 6 bottles of the wine and features a 15% discount. No code needed, discount already applied on the price.</p>\n&nbsp;\n<p style=""text-align: left;"">Limited time offer, valid only on our website. Click &amp; Collect from our Cellar Shop available.</p>\n&nbsp;\n<p style=""text-align: left;""><strong>Delivery to mainland UK is included in the price</strong> (this is not available for some postcodes in Scotland, the isles and NI - check our <a href=""http://stanlakepark.com/shipping-policy/"">Shipping Policy</a> for more information). Parcels are shipped via Parcelforce Express 48hrs. Within our local area we tend to deliver orders ourselves, but if you think you'll be able to collect from our Shop, please choose Collection at checkout and help us spare one of the many deliveries we will have to do :)</p>\n&nbsp;\n<p style=""text-align: left;"">All our wines are vegan-friendly.</p>",,,taxable,,0,,,0,0,,,,,1,,81.55,95.94,"English Rosé Wine, Gift Shop","Mixed cases","Free Shipping",http://stanlakepark.com/wp-content/uploads/Pinot-Noir-Rose-Preorder.jpg,,,,,,,,,1809,,no,,,,,no,,,,no,5530,7,no,30,yes,yes,yes,yes,yes,yes,no,no,8,{order_id},,1682516356,0,5.5.4,,,
21771,simple,,,"Spring Rosé Case",-1,0,visible,"Get ready for delightful warmer days with our<strong> Spring Rosé Case</strong>! This exclusive offer includes <strong>6 bottles of our pink wines, at a 20% discount.</strong>\n\nRosé wine is the perfect drink to sip on during warm afternoons, picnics, and gatherings with friends. Our two dry and refreshing rosé wines boast elegant flavours of strawberries and fresh raspberries. They are perfect on their own or paired with green salads, cheese boards, and seafood.\n\nStock up for the warmer days ahead with this limited-time offer!\n<p style=""text-align: left;"">All our wines are vegan-friendly.</p>","<p style=""text-align: left;"">The<strong> Spring Rosé Case</strong> includes:</p>\n\n<ul style=""text-align: left;"">\n 	<li>3 bottles of <a href=""http://stanlakepark.com/product/primitivo-rose/"">Primitivo Rosé</a></li>\n 	<li>3 bottles of <a href=""http://stanlakepark.com/product/pinot-noir-rose/"">Pinot Noir Rosé</a></li>\n</ul>\n<p style=""text-align: left;""><strong>Buy this mixed case</strong><strong> and save 20% compared to buying the items individually. </strong></p>\nLimited-time offer, valid until Sunday, May 19th at midnight.\n<p style=""text-align: left;"">Delivery or Click &amp; Collect from our Cellar Shop available.</p>\n<p style=""text-align: left;"">All our wines are vegan-friendly.</p>",,,taxable,,1,,,0,0,,,,,1,,74.35,92.94,"English Rosé Wine, Gift Shop, Italian Wine Collection","Mixed cases",,"http://stanlakepark.com/wp-content/uploads/PNR-Xmas-Offer-1.jpg, http://stanlakepark.com/wp-content/uploads/Primitivo-Rose.jpg, http://stanlakepark.com/wp-content/uploads/Primitivo-Rose-Label.jpg, http://stanlakepark.com/wp-content/uploads/7-6.jpg, http://stanlakepark.com/wp-content/uploads/Pinot-Noir-Rose-Label.jpg",,,,,,,,,1808,,no,,,,,no,,,,no,5530,7,no,30,yes,yes,yes,yes,yes,yes,no,no,8,{order_id},,1716214262,0,5.5.4,,,
27555,simple,,,"Silver Winners Case",-1,0,visible,"<p style=""text-align: left;"">Celebrate with us the taste of some of our best wines, which were recently awarded a<strong> Silver Medal</strong> each at T&amp;CVA Annual Competition!</p>\n<p style=""text-align: left;"">This is an annual competition organised by the<strong> Thames &amp; Chiltern Valley Vineyards Association</strong>. The contest is open to all wines made in the region, which includes Berkshire, Buckinghamshire and Oxfordshire. The judge panel leader, Patricia Stefanowicz MW, commented that the variety in style and taste of the wines this year was very wide.</p>\n<p style=""text-align: left;"">Both our versions of the grape variety Bacchus, the still and the sparkling, together with our Heritage Brut, were recognised by the judges as great examples of their category, and were given a <strong>Silver Medal</strong>.</p>\n<p style=""text-align: left;"">To celebrate, we're given a mixed case of these wines with a <strong>10% discount</strong>. Grab yours now!</p>\n<p style=""text-align: left;""><strong>Offer valid online only</strong>. Click &amp; Collect from our Cellar Door available.</p>","<p style=""text-align: left;"">The <strong>Silver Winners Case</strong> includes:</p>\n\n<ul style=""text-align: left;"">\n 	<li>2 bottles of <strong><a href=""http://stanlakepark.com/product/bacchus/"">Bacchus</a></strong><a href=""http://stanlakepark.com/product/bacchus/"">,</a><a href=""http://stanlakepark.com/product/bacchus/""> </a>a refreshing white with notes of elderflower, citrus and a nuances of stones;</li>\n 	<li>2 bottles of <strong><a href=""http://stanlakepark.com/product/bacchus-brut/"">Bacchus Brut</a></strong><a href=""http://stanlakepark.com/product/bacchus-brut/"">, </a>green apple and gooseberry notes, with delicate bubbles and a crispy character;</li>\n 	<li>2 bottles of <a href=""http://stanlakepark.com/product/heritage-brut/""><strong>Heritage Brut</strong></a>, a traditional sparkling wine with aromas of fresh apples and hints of toast.</li>\n</ul>\n<p style=""text-align: left;""><strong>Buy this mixed case</strong><strong> and save 10% compared to buying the items individually. </strong></p>\n<p style=""text-align: left;"">Offer valid only on our website. Click &amp; Collect from our Cellar Shop available.</p>\n<p style=""text-align: left;"">All our wines are vegan-friendly.</p>",,,taxable,,1,,,0,0,,,,,1,,114.99,127.94,"English Sparkling Wine, English White Wine, Gift Shop","Mixed cases",,http://stanlakepark.com/wp-content/uploads/Silver-Winning-Case.jpg,,,,,,,,,1813,,no,,,,,no,,,,no,5530,7,no,30,yes,yes,yes,yes,yes,yes,no,no,8,{order_id},,1698675790,0,5.5.4,,,
37919,variable,PWLOW,,"Pinot Low",1,0,visible,"<span style=""font-weight: 400;""><strong>Pinot Low</strong> gently captures the essence of our premium <a href=""http://stanlakepark.com/product/pinot-noir-rose/"">Pinot Noir Rosé</a> wine, balancing taste with a<strong> lower alcohol content</strong>.</span>\n\n<span style=""font-weight: 400;"">Our winemaker's expertise, using earlier grape picking and lower extraction, has crafted a rosé that fits perfectly into the contemporary world of mindful drinking. </span>\n\n<span style=""font-weight: 400;""><strong>Light in alcohol but not in flavour,</strong> it shows delicate hints of red cherry, citrus and subtle mineral undertones, with a refreshing body. Vegan friendly. </span>\n\n<span style=""font-weight: 400;""><strong>Pinot Low</strong> is a delicious choice for any occasion, especially warm afternoons and fun picnics, allowing you to reduce your alcohol and calorie intake without sacrificing flavour.</span>","<p style=""text-align: left;""><strong>Winemaking</strong></p>\n\n<div class=""para-style-body"" style=""text-align: left;"">\n\nThis wine-based drink is made with early-picked Pinot Noir grapes, that have very low sugar levels and therefore, their final alcohol content is lower than usual. After crushing follows a short maceration on the skins to extract a delicate colour, with fermentation taking place at a cool temperature in stainless steel tanks to retain freshness.\n\n&nbsp;\n\nThe bottle has no plastic or metal capsule to avoid unnecessary packaging. A simpler look for a more sustainable future!\n\n</div>\n<div class=""para-style-body"" style=""text-align: left;"">\n\n&nbsp;\n\nKeep horizontally in a dry and dark place, away from heat, sunlight and vibrations.\n\n&nbsp;\n\n</div>\n<p style=""text-align: left;""><strong>Grape Variety</strong></p>\n<p style=""text-align: left;"">100% Pinot noir</p>\n<p style=""text-align: left;""><strong>Current Vintage</strong></p>\n<p style=""text-align: left;"">2024</p>\n<p style=""text-align: left;""><strong>Alcohol</strong></p>\n<p style=""text-align: left;"">5%</p>\n<p style=""text-align: left;""><strong>Awards</strong></p>\n\n<ul>\n 	<li style=""text-align: left;"">The Global Low &amp; No Alcohol Masters – Bronze (2025)</li>\n 	<li style=""text-align: left;"">The Global Low &amp; No Alcohol Masters – Bronze (2024)</li>\n</ul>",,,taxable,,1,,,0,0,,,,,1,,,,"English Rosé Wine","English Rosé Wine, Low Alcohol Wine",,"http://stanlakepark.com/wp-content/uploads/Pinot-Low-1.jpg, http://stanlakepark.com/wp-content/uploads/Pinot-Low-Label.jpg, http://stanlakepark.com/wp-content/uploads/pinot-low-3.jpg",,,,,,,,,1799,,no,Options,"Bottle in jute bag, Bottle in wooden box, Bottle in Xmas jute bag, Case of Six (10% off), Single Bottle",1,1,no,,,,no,5530,365,no,30,yes,yes,yes,yes,yes,yes,no,no,8,{order_id},,1718368068,0,5.5.4,,2024-05-30,
39833,variable,BBPAW,,"Berkshire Breeze - Peach",1,0,visible,"<span style=""font-weight: 400;""><strong>Berkshire Breeze</strong> is the ultimate crowd-pleaser. Made with <a href=""http://stanlakepark.com/product/madeleine/"">Madeleine Angevine</a> grapes and natural <strong>peach</strong> flavour, this</span><span style=""font-weight: 400;""> refreshing drink perfectly combines the soft, delicious character of ripe peach with a crisp, citrusy profile. Very flavoursome, with a medium body, a fleshy finish and a slightly off-dry character. </span>\n\nAll our wines are vegan friendly.\n\n<span style=""font-weight: 400;"">Best served <strong>very chilled</strong>. Delightful on its own, or for an extra refreshing twist, serve it over ice with a sprig of mint and a slice of fresh peach. Great also as a cocktail ingredient and for a spritz. Perfect alongside vibrant green salads, grilled fish and fruit tart.</span>","<p style=""text-align: left;""><strong>Winemaking</strong></p>\n\n<div class=""para-style-body"" style=""text-align: left;"">\n\nThis aromatised wine-based drink is made with Madeleine Angevine grapes fermented at a low temperature in stainless-steel vessels to retain the delicate floral characteristics. Aged for a few months in neutral vessels before release, and then aromatised with natural peach essence.\n\n&nbsp;\n\nThe bottle has no plastic or metal capsule to avoid unnecessary packaging. A simpler look for a more sustainable future!\n\n</div>\n<div class=""para-style-body"" style=""text-align: left;"">\n\n&nbsp;\n\nKeep horizontally in a dry and dark place, away from heat, sunlight and vibrations.\n\n&nbsp;\n\n</div>\n<p style=""text-align: left;""><strong>Grape Variety</strong></p>\n<p style=""text-align: left;"">100% Madeleine Angevine</p>\n&nbsp;\n<p style=""text-align: left;""><strong>Alcohol</strong></p>\n<p style=""text-align: left;"">11%</p>",,,taxable,,1,,,0,0,,,,,1,,,,"English White Wine","Aromatised Wine, English White Wine",,"http://stanlakepark.com/wp-content/uploads/Berks-Breeze.png, http://stanlakepark.com/wp-content/uploads/Berks-Breeze.jpg",,,,,,,,,1798,,no,Options,"Bottle in jute bag, Bottle in wooden box, Bottle in Xmas jute bag, Case of Six (10% off), Single Bottle",1,1,no,,,,no,5530,365,no,30,yes,yes,yes,yes,yes,yes,no,no,8,{order_id},,1678193929,0,5.5.4,,2024-07-09,
31318,variation,,,"Regatta - Bottle in jute bag",1,0,visible,,"A 75cL bottle of wine in a natural jute bag.",,,taxable,parent,1,,,0,0,,,,,0,,,17,,,,,,,WWREG,,,,,,2,,no,Options,"Bottle in jute bag",,1,,,,,,,,,,,,,,,,,,,,,1703068680,0,5.5.11.1,,,
7862,variation,,,"Regatta - Bottle in wooden box",1,0,visible,,"A 75cL bottle of wine in a Stanlake Park wooden box.",,,taxable,parent,1,,,0,0,,,,,0,,,25,,,,,,,WWREG,,,,,,3,,no,Options,"Bottle in wooden box",,1,,,,,,,,,,,,,,,,,,,,,,,,,,
4720,variation,,,"Regatta - Single Bottle",1,0,visible,,,,,taxable,parent,1,,,0,0,,,,,0,,,14,,,,,,,WWREG,,,,,,1,,no,Options,"Single Bottle",,1,,,,,,,,,,,,,,,,,,,,,1769166698,0,5.5.4,,,
4721,variation,,,"Regatta - Case of Six (10% off)",1,0,visible,,,,,taxable,parent,1,,,0,0,7.2,,,,0,,76.36,84,,,,,,,WWREG,,,,,,4,,no,Options,"Case of Six (10% off)",,1,,,,,,,,,,,,,,,,,,,,,1771006605,0,5.5.9.1,,,
31316,variation,,,"Madeleine - Bottle in jute bag",1,0,visible,,"A 75cL bottle of wine in a natural jute bag.",,,taxable,parent,0,0,,0,0,,,,,0,,,17.5,,,,,,,WWMAD,,,,,,2,,no,Options,"Bottle in jute bag",,1,,,,,,,,,,,,,,,,,,,,,,,,,,
7861,variation,,,"Madeleine - Bottle in wooden box",1,0,visible,,"A 75cL bottle of wine in a Stanlake Park wooden box.",,,taxable,parent,0,0,,0,0,,,,,0,,,25.5,,,,,,,WWMAD,,,,,,3,,no,Options,"Bottle in wooden box",,1,,,,,,,,,,,,,,,,,,,,,1746463440,0,5.5.11.1,,,
4790,variation,,,"Madeleine - Single Bottle",1,0,visible,,,,,taxable,parent,0,0,,0,0,,,,,0,,,14.5,,,,,,,WWMAD,,,,,,1,,no,Options,"Single Bottle",,1,,,,,,,,,,,,,,,,,,,,,1759926774,0,5.5.9.1,,,
4791,variation,,,"Madeleine - Case of Six (10% off)",1,0,visible,,,,,taxable,parent,0,0,,0,0,7.2,,,,0,,79.1,87,,,,,,,WWMAD,,,,,,4,,no,Options,"Case of Six (10% off)",,1,,,,,,,,,,,,,,,,,,,,,1760555166,0,5.5.11.1,,,
31314,variation,,,"Bacchus - Bottle in jute bag",1,0,visible,,"A 75cL bottle of wine in a natural jute bag.",,,taxable,parent,1,,,0,0,,,,,0,,,18,,,,,,,WWBAC,,,,,,2,,no,Options,"Bottle in jute bag",,1,,,,,,,,,,,,,,,,,,,,,1751189484,0,5.5.11.1,,,
7860,variation,,,"Bacchus - Bottle in wooden box",1,0,visible,,"A 75cL bottle of wine in a Stanlake Park wooden box.",,,taxable,parent,1,,,0,0,,,,,0,,,27,,,,,,,WWBAC,,,,,,3,,no,Options,"Bottle in wooden box",,1,,,,,,,,,,,,,,,,,,,,,1766153736,0,5.5.4,,,
4798,variation,,,"Bacchus - Single Bottle",1,0,visible,,,,,taxable,parent,1,,,0,0,,,,,0,,,16,,,,,,,WWBAC,,,,,,1,,no,Options,"Single Bottle",,1,,,,,,,,,,,,,,,,,,,,,1770902715,0,5.5.9.1,,,
4799,variation,,,"Bacchus - Case of Six (10% off)",1,0,visible,,,,,taxable,parent,1,,,0,0,,,,,0,,87.27,96,,,,,,,WWBAC,,,,,,4,,no,Options,"Case of Six (10% off)",,1,,,,,,,,,,,,,,,,,,,,,1765999042,0,5.5.9.1,,,
31312,variation,,,"King's Fumé - Bottle in jute bag",1,0,visible,,"A 75cL bottle of wine in a natural jute bag.",,,taxable,parent,1,,,0,0,,,,,0,,,25,,,,,,,WWKIN,,,,,,2,,no,Options,"Bottle in jute bag",,1,,,,,,,,,,,,,,,,,,,,,,,,,,
7859,variation,,,"King's Fumé - Bottle in wooden box",1,0,visible,,"A 75cL bottle of wine in a Stanlake Park wooden box.",,,taxable,parent,1,,,0,0,,,,,0,,,33,,,,,,,WWKIN,,,,,,3,,no,Options,"Bottle in wooden box",,1,,,,,,,,,,,,,,,,,,,,,,,,,,
4802,variation,,,"King's Fumé - Single Bottle",1,0,visible,,,,,taxable,parent,1,,,0,0,,,,,0,,,22,,,,,,,WWKIN,,,,,,1,,no,Options,"Single Bottle",,1,,,,,,,,,,,,,,,,,,,,,1769166699,0,5.5.9.1,,,
4803,variation,,,"King's Fumé - Case of Six (10% off)",1,0,visible,,,,,taxable,parent,1,,,0,0,,,,,0,,120,132,,,,,,,WWKIN,,,,,,4,,no,Options,"Case of Six (10% off)",,1,,,,,,,,,,,,,,,,,,,,,1769543371,0,5.5.11.1,,,
31320,variation,,,"Pinot Noir Rosé - Bottle in jute bag",1,0,visible,,"A 75cL bottle in a natural jute bag.",,,taxable,parent,1,,,0,0,,,,,0,,,19,,,,,,,PWPIN,,,,,,2,,no,Options,"Bottle in jute bag",,1,,,,,,,,,,,,,,,,,,,,,1746481243,0,5.5.11.1,,,
7858,variation,,,"Pinot Noir Rosé - Bottle in wooden box",1,0,visible,,"A 75cL bottle in a Stanlake Park wooden box.",,,taxable,parent,1,,,0,0,,,,,0,,,27,,,,,,,PWPIN,,,,,,3,,no,Options,"Bottle in wooden box",,1,,,,,,,,,,,,,,,,,,,,,1756829955,0,5.5.11.1,,,
4805,variation,,,"Pinot Noir Rosé - Single Bottle",1,0,visible,,"A 75cL bottle. ",,,taxable,parent,1,,,0,0,,,,,0,,,16,,,,,,,PWPIN,,,,,,1,,no,Options,"Single Bottle",,1,,,,,,,,,,,,,,,,,,,,,1765622908,0,5.5.9.1,,,
4806,variation,,,"Pinot Noir Rosé - Case of Six (10% off)",1,0,visible,,"Six 75cL bottles. ",,,taxable,parent,1,,,0,0,,,,,0,,87.27,96,,,,,,,PWPIN,,,,,,4,,no,Options,"Case of Six (10% off)",,1,,,,,,,,,,,,,,,,,,,,,1765454266,0,5.5.9.1,,,
65531,variation,,,"The Reserve - Single Bottle",1,0,visible,,,,,taxable,parent,1,,,0,0,,,,,0,,,16.50,,,,,,,RWRES,,,,,,1,,no,Options,"Single Bottle",,1,,,,,,,,,,,,,,,,,,,,,1767048533,0,5.26.4,,,
31297,variation,,,"The Reserve - Bottle in jute bag",1,0,visible,,"A 75cL bottle of wine in a natural jute bag.",,,taxable,parent,1,,,0,0,,,,,0,,,19.50,,,,,,,RWRES,,,,,,2,,no,Options,"Bottle in jute bag",,1,,,,,,,,,,,,,,,,,,,,,1767013865,0,5.5.11.1,,,
7857,variation,,,"The Reserve - Bottle in wooden box",1,0,visible,,"A 75cL bottle of wine in a Stanlake Park wooden box.",,,taxable,parent,1,,,0,0,,,,,0,,,27.50,,,,,,,RWRES,,,,,,3,,no,Options,"Bottle in wooden box",,1,,,,,,,,,,,,,,,,,,,,,1752855149,0,5.5.4,,,
4813,variation,,,"The Reserve - Case of Six (10% off)",1,0,visible,,,,,taxable,parent,1,,,0,0,,,,,0,,90,99,,,,,,,RWRES,,,,,,4,,no,Options,"Case of Six (10% off)",,1,,,,,,,,,,,,,,,,,,,,,1764487220,0,5.5.4,,,
31294,variation,,,"Pinot Noir - Bottle in jute bag",1,0,visible,,"A 75cL bottle of wine in a natural jute bag.",,,taxable,parent,1,,,0,0,,,,,0,,,26,,,,,,,RWPNO,,,,,,2,,no,Options,"Bottle in jute bag",,1,,,,,,,,,,,,,,,,,,,,,1765736614,0,5.5.11.1,,,
7856,variation,,,"Pinot Noir - Bottle in wooden box",1,0,visible,,"A 75cL bottle of wine in a Stanlake Park wooden box.",,,taxable,parent,1,,,0,0,,,,,0,,,34,,,,,,,RWPNO,,,,,,3,,no,Options,"Bottle in wooden box",,1,,,,,,,,,,,,,,,,,,,,,1690747227,0,5.5.11.1,,,
4815,variation,,,"Pinot Noir - Single Bottle",1,0,visible,,,,,taxable,parent,1,,,0,0,,,,,0,,,23,,,,,,,RWPNO,,,,,,1,,no,Options,"Single Bottle",,1,,,,,,,,,,,,,,,,,,,,,1766584598,0,5.5.4,,,
4816,variation,,,"Pinot Noir - Case of Six (10% off)",1,0,visible,,,,,taxable,parent,1,,,0,0,,,,,0,,125.45,138,,,,,,,RWPNO,,,,,,4,,no,Options,"Case of Six (10% off)",,1,,,,,,,,,,,,,,,,,,,,,1766395693,0,5.5.11.1,,,
31307,variation,,,"Heritage Brut - Bottle in jute bag",1,0,visible,,"A 75cL bottle of wine in a natural jute bag.",,,taxable,parent,1,,,0,0,,,,,0,,,28.5,,,,,,,SWHER,,,,,,2,,no,Options,"Bottle in jute bag",,1,,,,,,,,,,,,,,,,,,,,,1733469009,0,5.5.11.1,,,
7853,variation,,,"Heritage Brut - Bottle in wooden box",1,0,visible,,"A 75cL bottle of wine in a Stanlake Park wooden box. ",,,taxable,parent,1,,,0,0,,,,,0,,,36.5,,,,,,,SWHER,,,,,,3,,no,Options,"Bottle in wooden box",,1,,,,,,,,,,,,,,,,,,,,,1758557804,0,5.5.4,,,
4818,variation,,,"Heritage Brut - Single Bottle",1,0,visible,,,,,taxable,parent,1,,,0,0,,,,,0,,,25.5,,,,,,,SWHER,,,,,,1,,no,Options,"Single Bottle",,1,,,,,,,,,,,,,,,,,,,,,1770676849,0,5.5.4,,,
4819,variation,,,"Heritage Brut - Case of Six (10% off)",1,0,visible,,,,,taxable,parent,1,,,0,0,,,,,0,,139.10,153,,,,,,,SWHER,,,,,,4,,no,Options,"Case of Six (10% off)",,1,,,,,,,,,,,,,,,,,,,,,1767092712,0,5.5.4,,,
31305,variation,,,"Stanlake Brut - Bottle in jute bag",1,0,visible,,"A 75cL bottle of wine in a natural jute bag.",,,taxable,parent,1,,,0,0,,,,,0,,,33,,,,,,,SWSTA,,,,,,2,,no,Options,"Bottle in jute bag",,1,,,,,,,,,,,,,,,,,,,,,1768767758,0,5.5.11.1,,,
7854,variation,,,"Stanlake Brut - Bottle in wooden box",1,0,visible,,"A 75cL bottle of wine in a Stanlake Park wooden box.",,,taxable,parent,1,,,0,0,,,,,0,,,41,,,,,,,SWSTA,,,,,,3,,no,Options,"Bottle in wooden box",,1,,,,,,,,,,,,,,,,,,,,,1770031791,0,5.5.11.1,,,
4821,variation,,,"Stanlake Brut - Single Bottle",1,0,visible,,,,,taxable,parent,1,,,0,0,,,,,0,,,30,,,,,,,SWSTA,,,,,,1,,no,Options,"Single Bottle",,1,,,,,,,,,,,,,,,,,,,,,1770365863,0,5.5.4,,,
4822,variation,,,"Stanlake Brut - Case of Six (10% off)",1,0,visible,,,,,taxable,parent,1,,,0,0,,,,,0,,163.64,180,,,,,,,SWSTA,,,,,,4,,no,Options,"Case of Six (10% off)",,1,,,,,,,,,,,,,,,,,,,,,1765808973,0,5.5.11.1,,,
31303,variation,,,"Rosé Superior - Bottle in jute bag",1,0,visible,,"A 75cL bottle of wine in a natural jute bag.",,,taxable,parent,1,,,0,0,,,,,0,,,32,,,,,,,SWROS,,,,,,2,,no,Options,"Bottle in jute bag",,1,,,,,,,,,,,,,,,,,,,,,1767025142,0,5.5.11.1,,,
7855,variation,,,"Rosé Superior - Bottle in wooden box",1,0,visible,,"A 75cL bottle of wine in a Stanlake Park wooden box.",,,taxable,parent,1,,,0,0,,,,,0,,,40,,,,,,,SWROS,,,,,,3,,no,Options,"Bottle in wooden box",,1,,,,,,,,,,,,,,,,,,,,,1763302282,0,5.5.11.1,,,
4824,variation,,,"Rosé Superior - Single Bottle",1,0,visible,,,,,taxable,parent,1,,,0,0,,,,,0,,,29,,,,,,,SWROS,,,,,,1,,no,Options,"Single Bottle",,1,,,,,,,,,,,,,,,,,,,,,1769941463,0,5.5.9.1,,,
4825,variation,,,"Rosé Superior - Case of Six (10% off)",1,0,visible,,,,,taxable,parent,1,,,0,0,,,,,0,,158.18,174,,,,,,,SWROS,,,,,,4,,no,Options,"Case of Six (10% off)",,1,,,,,,,,,,,,,,,,,,,,,1768760553,0,5.5.4,,,
31330,variation,,,"Primitivo Rosé - Bottle in jute bag",1,0,visible,,"A 75cL bottle of wine in a natural jute bag.",,,taxable,parent,0,0,,0,0,,,,,0,,,18,,,,,,,ITWPRI,,,,,,2,,no,Options,"Bottle in jute bag",,1,,,,,,,,,,,,,,,,,,,,,,,,,,
7852,variation,,,"Primitivo Rosé - Bottle in wooden box",1,0,visible,,"A 75cL bottle of wine in a Stanlake Park wooden box.",,,taxable,parent,0,0,,0,0,,,,,0,,,26,,,,,,,ITWPRI,,,,,,3,,no,Options,"Bottle in wooden box",,1,,,,,,,,,,,,,,,,,,,,,1734601083,0,5.5.11.1,,,
7747,variation,,,"Primitivo Rosé - Single Bottle",1,0,visible,,,,,taxable,parent,0,0,,0,0,,,,,0,,,15,,,,,,,ITWPRI,,,,,,1,,no,Options,"Single Bottle",,1,,,,,,,,,,,,,,,,,,,,,1746717470,0,5.5.9.1,,,
7748,variation,,,"Primitivo Rosé - Case of Six (10% off)",1,0,visible,,,,,taxable,parent,0,0,,0,0,,,,,0,,81.82,90,,,,,,,ITWPRI,,,,,,4,,no,Options,"Case of Six (10% off)",,1,,,,,,,,,,,,,,,,,,,,,1747587114,0,5.5.9.1,,,
31328,variation,,,"Fiano - Bottle in jute bag",1,0,visible,,"A 75cL bottle of wine in a natural jute bag.",,,taxable,parent,0,,,0,0,,,,,0,,,17.99,,,,,,,ITWFIA,,,,,,2,,no,Options,"Bottle in jute bag",,1,,,,,,,,,,,,,,,,,,,,,,,,,,
31329,variation,,,"Fiano - Bottle in Xmas jute bag",1,0,visible,,"A 75cL bottle of wine in a Stanlake Park festive jute bag.",,,taxable,parent,0,,,0,0,,,,,0,,,18.99,,,,,,,ITWFIA,,,,,,3,,no,Options,"Bottle in Xmas jute bag",,1,,,,,,,,,,,,,,,,,,,,,,,,,,
7851,variation,,,"Fiano - Bottle in wooden box",1,0,visible,,"A 75cL bottle of wine in a Stanlake Park wooden box.",,,taxable,parent,0,,,0,0,,,,,0,,,25.99,,,,,,,ITWFIA,,,,,,4,,no,Options,"Bottle in wooden box",,1,,,,,,,,,,,,,,,,,,,,,1734601083,0,5.5.4,,,
7751,variation,,,"Fiano - Single Bottle",1,0,visible,,,,,taxable,parent,0,,,0,0,,,,,0,,,14.99,,,,,,,ITWFIA,,,,,,1,,no,Options,"Single Bottle",,1,,,,,,,,,,,,,,,,,,,,,1750626031,0,5.5.11.1,,,
7752,variation,,,"Fiano - Case of Six (10% off)",1,0,visible,,,,,taxable,parent,0,,,0,0,,,,,0,,80.99,89.94,,,,,,,ITWFIA,,,,,,5,,no,Options,"Case of Six (10% off)",,1,,,,,,,,,,,,,,,,,,,,,1752271517,0,5.5.11.1,,,
31325,variation,,,"Negroamaro - Bottle in jute bag",1,0,visible,,"A 75cL bottle of wine in a natural jute bag.",,,taxable,parent,0,,,0,0,,,,,0,,,20.99,,,,,,,ITWNEG,,,,,,2,,no,Options,"Bottle in jute bag",,1,,,,,,,,,,,,,,,,,,,,,,,,,,
7850,variation,,,"Negroamaro - Bottle in wooden box",1,0,visible,,"A 75cL bottle of wine in a Stanlake Park wooden box.",,,taxable,parent,0,,,0,0,,,,,0,,,28.99,,,,,,,ITWNEG,,,,,,3,,no,Options,"Bottle in wooden box",,1,,,,,,,,,,,,,,,,,,,,,,,,,,
7754,variation,,,"Negroamaro - Single Bottle",1,0,visible,,,,,taxable,parent,0,,,0,0,,,,,0,,,17.99,,,,,,,ITWNEG,,,,,,1,,no,Options,"Single Bottle",,1,,,,,,,,,,,,,,,,,,,,,1742940803,0,5.5.4,,,
7755,variation,,,"Negroamaro - Case of Six (10% off)",1,0,visible,,,,,taxable,parent,0,,,0,0,,,,,0,,97.99,107.94,,,,,,,ITWNEG,,,,,,4,,no,Options,"Case of Six (10% off)",,1,,,,,,,,,,,,,,,,,,,,,1739202862,0,5.5.11.1,,,
31301,variation,,,"Hinton Brut - Bottle in jute bag",1,0,visible,,"A 75cL bottle of wine in a natural jute bag.",,,taxable,parent,1,,,0,0,,,,,0,,,28.5,,,,,,,SWHIN,,,,,,2,,no,Options,"Bottle in jute bag",,1,,,,,,,,,,,,,,,,,,,,,1759334507,0,5.5.11.1,,,
7849,variation,,,"Hinton Brut - Bottle in wooden box",1,0,visible,,"A 75cL bottle of wine in a Stanlake Park wooden box.",,,taxable,parent,1,,,0,0,,,,,0,,,34.5,,,,,,,SWHIN,,,,,,3,,no,Options,"Bottle in wooden box",,1,,,,,,,,,,,,,,,,,,,,,1758958253,0,5.5.11.1,,,
7760,variation,,,"Hinton Brut - Case of Six (10% off)",1,0,visible,,,,,taxable,parent,1,,,0,0,,,,,0,,128.18,141,,,,,,,SWHIN,,,,,,4,,no,Options,"Case of Six (10% off)",,1,,,,,,,,,,,,,,,,,,,,,1771006605,0,5.5.9.1,,,
7759,variation,,,"Hinton Brut - Single Bottle",1,0,visible,,,,,taxable,parent,1,,,0,0,,,,,0,,,23.5,,,,,,,SWHIN,,,,,,1,,no,Options,"Single Bottle",,1,,,,,,,,,,,,,,,,,,,,,1770676849,0,5.5.4,,,
31299,variation,,,"Bacchus Brut - Bottle in jute bag",1,0,visible,,"A 75cL bottle of wine in a natural jute bag.",,,taxable,parent,0,,,0,0,,,,,0,,,27,,,,,,,SWBAC,,,,,,2,,no,Options,"Bottle in jute bag",,1,,,,,,,,,,,,,,,,,,,,,1729106850,0,5.5.11.1,,,
7848,variation,,,"Bacchus Brut - Bottle in wooden box",1,0,visible,,"A 75cL bottle of wine in a Stanlake Park wooden box.",,,taxable,parent,0,,,0,0,,,,,0,,,35,,,,,,,SWBAC,,,,,,3,,no,Options,"Bottle in wooden box",,1,,,,,,,,,,,,,,,,,,,,,1732631773,0,5.5.11.1,,,
7762,variation,,,"Bacchus Brut - Single Bottle",1,0,visible,,,,,taxable,parent,0,,,0,0,,,,,0,,,24,,,,,,,SWBAC,,,,,,1,,no,Options,"Single Bottle",,1,,,,,,,,,,,,,,,,,,,,,1767802256,0,5.5.9.1,,,
7763,variation,,,"Bacchus Brut - Case of Six (10% off)",1,0,visible,,,,,taxable,parent,0,,,0,0,,,,,0,,130.91,144,,,,,,,SWBAC,,,,,,4,,no,Options,"Case of Six (10% off)",,1,,,,,,,,,,,,,,,,,,,,,1769460269,0,5.5.11.1,,,
31309,variation,,,"Orange - Bottle in jute bag",1,0,visible,,"A 75cL bottle of wine in a natural jute bag.",,,taxable,parent,1,,,0,0,,,,,0,,,21,,,,,,,WWORA,,,,,,2,,no,Options,"Bottle in jute bag",,1,,,,,,,,,,,,,,,,,,,,,1764757287,0,5.5.11.1,,,
7846,variation,,,"Orange - Bottle in wooden box",1,0,visible,,"A 75cL bottle of wine in a Stanlake Park wooden box.",,,taxable,parent,1,,,0,0,,,,,0,,,29,,,,,,,WWORA,,,,,,3,,no,Options,"Bottle in wooden box",,1,,,,,,,,,,,,,,,,,,,,,1721510150,0,5.5.11.1,,,
7765,variation,,,"Orange - Single Bottle",1,0,visible,,,,,taxable,parent,1,,,0,0,,,,,0,,,18,,,,,,,WWORA,,,,,,1,,no,Options,"Single Bottle",,1,,,,,,,,,,,,,,,,,,,,,1769166699,0,5.5.9.1,,,
7766,variation,,,"Orange - Case of Six (10% off)",1,0,visible,,,,,taxable,parent,1,,,0,0,,,,,0,,98.18,108,,,,,,,WWORA,,,,,,4,,no,Options,"Case of Six (10% off)",,1,,,,,,,,,,,,,,,,,,,,,1755027647,0,5.5.11.1,,,
31292,variation,,,"Cricket Grove - Bottle in jute bag",1,0,visible,,"A 75cL bottle of wine in a natural jute bag.",,,taxable,parent,1,,,0,0,,,,,0,,,22,,,,,,,RWCRI,,,,,,2,,no,Options,"Bottle in jute bag",,1,,,,,,,,,,,,,,,,,,,,,1751189484,0,5.5.11.1,,,
7847,variation,,,"Cricket Grove - Single Bottle",1,0,visible,,,,,taxable,parent,1,,,0,0,,,,,0,,,19,,,,,,,RWCRI,,,,,,1,,no,Options,"Single Bottle",,1,,,,,,,,,,,,,,,,,,,,,1770977437,0,5.5.9.1,,,
7768,variation,,,"Cricket Grove - Case of Six (10% off)",1,0,visible,,,,,taxable,parent,1,,,0,0,,,,,0,,103.64,114,,,,,,,RWCRI,,,,,,4,,no,Options,"Case of Six (10% off)",,1,,,,,,,,,,,,,,,,,,,,,1763925641,0,5.5.4,,,
7769,variation,,,"Cricket Grove - Bottle in wooden box",1,0,visible,,"A 75cL bottle of wine in a Stanlake Park wooden box.",,,taxable,parent,1,,,0,0,,,,,0,,,30,,,,,,,RWCRI,,,,,,3,,no,Options,"Bottle in wooden box",,1,,,,,,,,,,,,,,,,,,,,,1690747227,0,5.5.9.1,,,
39829,variation,,,"Pinot Low - Single Bottle",1,0,visible,,"A 75cL bottle of wine.",,,taxable,parent,1,,,0,0,,,,,0,,,10,,,,,,,PWLOW,,,,,,1,,no,Options,"Single Bottle",,1,,,,,,,,,,,,,,,,,,,,,1770058310,0,5.5.11.1,,,
39830,variation,,,"Pinot Low - Bottle in jute bag",1,0,visible,,"A 75cL bottle of wine in a natural jute bag.",,,taxable,parent,1,,,0,0,,,,,0,,,13,,,,,,,PWLOW,,,,,,2,,no,Options,"Bottle in jute bag",,1,,,,,,,,,,,,,,,,,,,,,,,,,,
39831,variation,,,"Pinot Low - Bottle in wooden box",1,0,visible,,"A 75cL bottle of wine in a Stanlake Park wooden box.",,,taxable,parent,1,,,0,0,,,,,0,,,21,,,,,,,PWLOW,,,,,,3,,no,Options,"Bottle in wooden box",,1,,,,,,,,,,,,,,,,,,,,,,,,,,
39832,variation,,,"Pinot Low - Case of Six (10% off)",1,0,visible,,"Six 75cL bottles of wine. ",,,taxable,parent,1,,,0,0,,,,,0,,54.55,60,,,,,,,PWLOW,,,,,,4,,no,Options,"Case of Six (10% off)",,1,,,,,,,,,,,,,,,,,,,,,1765811791,0,5.5.11.1,,,
39835,variation,,,"Berkshire Breeze - Peach - Single Bottle",1,0,visible,,,,,taxable,parent,1,,,0,0,,,,,0,,,12.50,,,,,,,BBPAW,,,,,,1,,no,Options,"Single Bottle",,1,,,,,,,,,,,,,,,,,,,,,1765625731,0,5.5.11.1,,,
39836,variation,,,"Berkshire Breeze - Peach - Bottle in jute bag",1,0,visible,,"A 75cL bottle of wine in a natural jute bag.",,,taxable,parent,1,,,0,0,,,,,0,,,15.50,,,,,,,BBPAW,,,,,,2,,no,Options,"Bottle in jute bag",,1,,,,,,,,,,,,,,,,,,,,,,,,,,
39837,variation,,,"Berkshire Breeze - Peach - Bottle in wooden box",1,0,visible,,"A 75cL bottle of wine in a Stanlake Park wooden box.",,,taxable,parent,1,,,0,0,,,,,0,,,23.50,,,,,,,BBPAW,,,,,,3,,no,Options,"Bottle in wooden box",,1,,,,,,,,,,,,,,,,,,,,,,,,,,
39838,variation,,,"Berkshire Breeze - Peach - Case of Six (10% off)",1,0,visible,,"Six 75cL bottles of wine. ",,,taxable,parent,1,,,0,0,,,,,0,,68.18,75,,,,,,,BBPAW,,,,,,4,,no,Options,"Case of Six (10% off)",,1,,,,,,,,,,,,,,,,,,,,,1756400196,0,5.5.11.1,,,
